2024-12-10T09:06:41.000Z,1,Servicio p√©simo,"Les env√≠o un port√°til siguiendo instrucciones del servicio ternico el 12 de noviembre y el 9 de diciembre recibo un correo donde me indican que han revisado el equipo y que van a pedir las piezas, tardan casi un mes en valorar la reparaci√≥n y luego hay que esperar a recibir las piezas para poder llevar a cabo el arreglo, por lo que nos iremos a casi dos meses sin ordenador."
2024-12-01T19:24:54.000Z,1,No cumplen con la ley de protecci√≥n de datos,"No cumplen con la ley de protecci√≥n de datos (RGPD). Al querer reclamar el seguro de 3 meses gratuitos, te obligan a aceptar a recibir promociones y publicidad y sino no puedes recibir el seguro. Evidentemente, no firm√© nada y adios muy buenas. CUIDADO CON ESTE SEGURO!!"
2024-11-30T08:42:47.000Z,1,No lo recomiendo en absoluto,"No lo recomiendo en absoluto,
Compr√© una nevera y me ofrecieron el seguro gratuito. La agente q lo contrat√≥ se equivoc√≥ y lo hizo por tres a√±os.
Me cargaron a la tarjeta el importe del mismo y ante mi reclamaci√≥n me comunican que no me lo devolver√°n hasta que venzan los tres meses del seguro gratuito
Tengan much√≠simo cuidado cuando contraten el seguro gratuito q les ofrecen!!!"
2024-11-28T12:51:40.000Z,1,Nefasto y enga√±oso,Te cuelan el seguro sin que te des casi cuenta y en realidad lo que buscan es tener un seguro de cobro por si ocurre algo y tienes cantidades pendientes de pago con la tarjeta.
2024-11-11T14:59:52.000Z,1,Si podia dar 0 esteralles,"Si podia dar 0 esteralles, lo haria. La peor correduria de seguros. La oferta cada a√±o mas pequena, estuve cliente de esta correduria durante 10 a√±os, no mejoran nada de nada y ahora mismo tienen oferta tan mala, que quise irme, se paso la fecha de renovacion por dos semanas y aunque era cliente durante 10 a√±os, me rechazaron la cancelacion y no me ofrecieron nada, ninguna modificacion. De verdad me quede muy decepcionada, no estan conscientes que dan cara para todo El Corte Ingles. No voy a comprar nada mas en El Corte Ingles, ni recommendar a nadie, y cancelare todos mis seguros con ellos lo antes possible. Asi no se trata los clientes de 10 a√±os!"
2024-10-22T17:29:46.000Z,1,Vaya indefensi√≥n con El Corte ingl√©s,"Vaya indefensi√≥n, vaya impresentables los de SEGUROS EL CORTE INGL√âS. ...para hacerte un seguro todo son facilidades te lo hacen enseguida, te cobran sin que te des cuenta...PERO PARA DARTE DE BAJA ES CASI IMPOSIBLE! Hemos llamado pero no vale, nos hemos personado en la oficina y pedimos la baja por escrito... y TAMPOCO VALE. Dicen que nos van a llamar para ofrecernos algo pero que no causamos baja todav√≠a tal como deseamos. Me siento ROBADO POR SEGUROS EL CORTE INGL√âS. Vaya mafia. ABSOLUTAMENTE DESACONSEJABLE. Cualquiera que haga un seguro con ellos sin duda se arrepentir√°."
2024-10-09T22:32:54.000Z,1,La se√±ora M√≥nica Rodr√≠guez San Juan es‚Ä¶,"La se√±ora M√≥nica Rodr√≠guez San Juan es de lo peor , no confi√©is en ella ya que os enga√±a por completo . Es una estafadora y te pone buena cara pero te la mete doblada . Menos mal que hay gente con humildad y clase y gestionan bien sus trabajos que lo solucionan ."
2024-10-08T13:52:46.000Z,1,NO OS HAGAIS NING√öN SEGURO CON EL CORTE INGLES,"Tengo estropeada la lavadora y la TV. No han respondido nadie en el caso de la TV desde el pasado 25 de Septiembre y con la lavadora llevo 4 dias esperando que alg√∫n t√©cnico se ponga en contacto conmigo y vengan a arreglarla. Por mas partes que he dado en el Corte ingles , nadie hace caso. No os hag√°is ning√∫n seguro con ellos, solo buscan dinero y se olvidan de los clientes."
2024-10-08T10:23:57.000Z,1,IMPOSIBLE DAR DE BAJA EL SEGURO¬°,"Llevo varios d√≠as intentando darme de baja en el seguro de Axa que me hice en el Corte Ingles y me lo pintaban todo muy bonito pero no me hacen ni caso. Hoy he recibido un correo en el que dec√≠an que llevan varios d√≠as intentando ponerse en contacto conmigo, cosa que es totalmente mentira porque no tengo ninguna llamada perdida ni nada por el estilo, y que como no les coja el tel√©fono entienden que quiero seguir con mi seguro.
¬°Me parece vergonzoso que tengan la cara de decirme eso¬° si quiero cancelarlo quiero cancelarlo y punto¬° no porque no coja un tel√©fono (del que no me llaman) voy a querer seguir con ellos.
NUNCA OS HAGAIS EL SEGURO AQUI¬° NO VAIS A PORDER DAROS DE BAJA CON FACILIDAD¬°"
2024-10-04T18:25:10.000Z,1,Nos han estafado.,"Nos han estafado.
Compramos un m√≥vil y aunque no aceptamos el seguro nos lo fueron cobrando hasta que pudimos acceder a los res√∫menes de compras.
Tras llevarnos de un departamento a otro al final nos dejaron hacer una reclamaci√≥n pero ya me avis√≥ la se√±orita Andrea, jefa del departamento, que era lo √∫nico que se pod√≠a hacer.
La confianza que ten√≠amos desde hace 40 a√±os en el ElCorte ingl√©s se acab√≥ de mala manera.
Se tendr√≠a que hacer una denuncia conjunta."
2024-10-02T12:22:40.000Z,1,Imposible darme de baja de un seguro,"Quiero dar de baja un seguro de hogar. Voy a la tienda y me dicen que no est√°n autorizados, cosa que no entiendo, ya que si est√°n autorizados a dar altas deber√≠an estarlo para dar bajas, pero lo que quieren es aburrir al cliente. Me dicen que para darme de baja s√≠ o s√≠ tengo que atender una llamada para darme ""informaci√≥n de otro seguro"". Cuando me llaman no puedo atenderlo en ese momento y me ponen un menaje diciendo que llame a un tel√©fono que me indican o entender√°n que he desistido de darme de baja. O sea, me coaccionan. Llamo a ese tel√©fono y me dicen que no pueden hacer nada, que no son de seguros de hogar. Sin embargo en la web figuran como atenci√≥n al cliente. Intentan pasarme a otro sitio, se corta. Vuelvo a llamar y tengo que esperar como media 10 minutos y as√≠ a lo largo de una hora. Finalmente llamo a otro tel√©fono que tambi√©n figura como atenci√≥n al cliente de seguros de hogar y tambi√©n me dicen que no pueden gestionar la baja, que me tienen que llamar. O sea, despu√©s de m√°s de dos horas, vuelvo al principio.
A√∫n no he recibido llamada alguna y siguen sin darme de baja.
Aqu√≠ queda expuesto el nivel de trato abusivo por parte de Seguros El Corte Ingl√©s al un cliente que ha tenido este seguro 21 a√±os."
2024-09-30T16:17:28.000Z,1,Compr√© un tel√©fono y me hicieron un‚Ä¶,Compr√© un tel√©fono y me hicieron un seguro de 3 meses diciendo que al tercer mes me llaman . Resulta que al cuarto mes me pasaron otra vez el seguro cuando yo lo dej√© claro que no quer√≠a seguro. Dijeron que era lo que hab√≠a y no hay nada?que hacer. Un zero la verdad y las chicas vamos m√°s desagradables no pueden ser.
2024-09-27T14:02:57.000Z,1,he tenido y desgraciadamente tengo a√∫n‚Ä¶,"he tenido y desgraciadamente tengo a√∫n seguros con este desastroso mediador, no he visto algo peor, hay que darse de baja sin m√°s y la mutua madrile√±a ali√°ndose con esa empresa comete un error monumental"
2024-09-26T12:07:58.000Z,1,El corte ingl√©s hace de mediador pero no responde,"El corte ingl√©s hace de mediador, te vende el seguro pero luego cuando hay alg√∫n problema, te env√≠an a la empresa aseguradora que no te hace ni caso. ..... en fin .....una y no m√°s."
2024-09-19T16:23:05.000Z,1,Vergonzoso el seguro de hogar,"Vergonzoso el seguro de hogar. La compa√±√≠a mutua madrile√±a... Un domingo la revienta una tuber√≠a a m√≠ madre de la columna de la ducha y llama al seguro, la ponen en contacto con el fontanero de urgencia y la dice el fontanero que los domingos no trabajan ¬°¬°¬° FONTANERO DE URGENCIA!!! Hoy llama por un atranque en el fregadero y en vez de mandar a alguien a solucionarlo resulta q la quieren mandar a alguien para dar un presupuesto... Vergonzoso. Por supuesto los dos arreglos han corrido de nuestra cuenta teniendo q buscar profesionales profesionales por nuestra cuenta"
2024-09-18T10:36:58.000Z,1,Timadores,"Hace unos d√≠as fui a cancelar con mi madre un seguro de un pc que me compr√© hace 4 a√±os... Hasta ah√≠ bien, firme la cancelaci√≥n y bien. Le preguntamos a la chica por el seguro de responsabilidad civil del patinete. Y nos dijo que nos llamar√≠a para informarnos. Total que llaman a mi madre y le dicen que con ese seguro era obligatorio el seguro de vida tambi√©n. (Car√≠simo los dos seguros) Me llama mi madre y me comenta, mientras hablo con ella me llega un mensaje para firmar el contrato del corte ingl√©s y al momento me llama la chica. Le digo que es muy caro y que no ve√≠a normal lo del seguro de vida que iba a mirar m√°s sitios. Se qued√≥ ah√≠ la cosa. Hoy entro a mi mail y me veo que se ha contratado un seguro de vida a mi nombre. He entrado al banco y me hab√≠an cobrado 40‚Ç¨ sin unos incompetentes, han usado mi n√∫mero de cuenta si. Mi consentimiento y por supuesto no s√© c√≥mo habr√°n firmado ese contrato pero yo no he firmado nada. As√≠ que tened cuidado"
2024-09-11T18:57:41.000Z,1,Esto es un robo compr√© un seguro de un‚Ä¶estafadores seguros del corte ingl√©s,Esto es un robo compr√© un seguro de un tel√©fono. Y cuando llam√©. A la disque aseguradora me dijeron que ya mi seguro hab√≠a sido cancelado lo hacen porque notifique y. No me dieron soluci√≥n por gusto pagar. 6 meses de seguro. No caigan con esta aseguradora que es una estafa
2024-09-09T20:45:27.000Z,1,El peor seguro que puedes contratar,"El peor seguro que puedes contratar.
Ten√≠a todos mis dispositivos asegurados con ellos y pagando durante dos a√±os.
Cuando tengo un problema con mi TV ellos me dicen que tengo que gestionarlo yo que ellos no se encargan de eso, s√≥lo asesoran. Cuando gestiono el problema por mi cuenta me arreglan el TV con la garant√≠a y no con el seguro.
Me acaban de robar el m√≥vil con un tir√≥n pero para ellos es hurto ya que no he sufrido ning√∫n da√±o y por lo tanto no se hacen cargo (despu√©s de 2 a√±os pagando el seguro religiosamente) y que no pueden hacer nada 1300 euros perdidos y encima tengo que agradecer que no haya sufrido ning√∫n da√±o.
Vamos una estafa de seguro
Para contratarlo muy bien pero luego se lavan las manos
Acabo de cancelar todos los seguros con ellos y claramente no pienso nunca m√°s contratar algo con ellos.
NO CONTRATEIS SEGUROS CON ELLOS SI NO QUER√âIS TIRAR EL DINERO"
2024-08-30T16:28:41.000Z,1,Contratar seguro con ellos es tirar el dinero,"Para vender ser√°n los mejores, pero lo que hacen es enga√±ar, robar y estafar a la gente.

Cuando tienes un problema y presentas un siniestro, ellos nunca te pueden ayudar en nada y le pasan la pelota a la central, los cuales tampoco hacen absolutamente nada.

Muy decepcionada, se me inund√≥ el piso el 29 de abril, y hoy 30 de agosto todav√≠a no me han indemnizado, ni se han molestado en llamarme para pedirme disculpas.

Me he tenido que ir a la competencia para que me asesoren y me han dado m√°s informaci√≥n que ellos (de verg√ºenza).

Y por no hablar de los peritos.....

Contratar un seguro con ellos es perder el tiempo, el dinero y la salud.

Una pu√±etera verg√ºenza"
2024-08-26T13:46:54.000Z,1,Si os roban el movil no os cubren nada,"Si os roban el movil no os cubren nada, me dicen que no que tendr√≠a que haber sido robo con amenaza o con intimidaci√≥n‚Ä¶ Esto es una tomadura de pelo"
2024-08-20T20:27:47.000Z,1,Lo peor de lo peor.se.les llena la boca‚Ä¶,Lo peor de lo peor.se.les llena la boca con el corte ingles y dejan mucho que desear...voy a solicitar la baja de un seguro el cual no recuerdo haber contratado...pero ante la duda no lo debato. Pero si quiero que me den de baja el mismo. Todo son excusas que si atenci√≥n al cliente que si el seguro..... resumiendo me obligan a seguir un a√±o con el seguro sin darme ninguna otra soluci√≥n y encima teniendo la sensaci√≥n de que se est√°n riendo en mi cara. Tened cuidado con lo que firm√°is son muy listos
2024-08-06T18:40:02.000Z,1,Enga√±o descomunal.,Enga√±o descomunal.Notificdo robo de tarjeta y extracci√≥n fraudulenta y aportadas correspondientes denuncias y certificado del importe sustra√≠do me ofrecieron enviar documentos a PlusUltra aseguradora de la tarjeta. Hoy me comunican que no se ha enviado ning√∫n documento ni sab√≠an nada . La empleada de seguros el corte ingl√©s me minti√≥ para que no la insistir√© mas
2024-08-03T17:46:45.000Z,4,En mi caso todo bien,"Contrat√© un viaje a Eslovenia que tuve que cancelar por una fractura en el pie que tuvo mi mujer.
Habia contratado seguro tipo Gold con Mana seguros.
Tras la cancelaci√≥n del viaje,los del Corte Ingl√©s tardaron unas semanas en enviarme toda la documentaci√≥n que necesitaba.
Una vez la tuve,envi√© todo a Man√° seguros y en una semana me habian aceptado la reclamaci√≥n y me devolvieron el dinero.En mi caso,una buena experiencia y estoy agradecido."
2024-08-02T19:37:17.000Z,1,Son lo peor,"Los seguros de √©l corte ingl√©s, funcionan de pena te dicen que est√°n gestionando como intermediadores y lo √∫nico que hacen son darte largas, dos meses para solucionar un problema y sigo sin soluci√≥n. Solo me queda poner una reclamaci√≥n al fondo de seguros"
2024-07-28T20:08:19.000Z,1,Me fui a dar de baja y me siguen cobrando,Me fui a dar de baja un seguro de accidentes y me dicen que me dan de baja pero el siguiente recibo me lo pasan. Vamos para contratar ning√∫n problema pero para darte de baja toda una odisea. NO LO RECOMIENDO
2024-07-26T18:55:05.000Z,1,Absolutamente nada recomendable.,"Absolutamente nada recomendable.
Llamas por un siniestro, te redirigen a su compa√±√≠a de seguros y concretan un d√≠a para venir a recoger el producto, hasta ah√≠ bien.

Posteriormente me enviaron por SMS un link para hacer el ""seguimiento"" del siniestro caducado e inservible y no se han presentado el d√≠a de recogida del producto, sin molestarse por siquiera llamarte/enviarte un correo/mensaje para explicar lo ocurrido. Desaparecen y cuando les contactas te dicen que ""ya ir√°n otro d√≠a"" o te dicen que remitir√°n el caso al centro comercial para que te llamen y, por supuesto, esa llamada nunca llega."
2024-07-22T14:29:37.000Z,1,No contraten seguros en general,"No contraten seguros en general, es una mrd.

Adicionalmente, no contraten con el corte ingl√©s es mi recomendaci√≥n yo quiz√© cancelar pasada un poco la fecha de renovaci√≥n despu√©s de varios a√±os y me han dicho que no y antes me hab√≠an dicho que no porque estaba atado a otro seguro. Muy raro y de cualidades rastreras."
2024-07-19T14:50:02.000Z,1,FATAL,"FATAL, TE COBRAN COMO UNA CORREDURIA Y NO TE ATIENDEN CUANDO TIENES UN SINIESTRO, TE DDICEN QUE TE LO TIENES QUE GESTIONAR TU MISMO. LO PEOR"
2024-07-14T08:01:04.000Z,1,¬°No lo contrateis,"¬°No lo contrateis! En el momento que tienes un problema es como si escribieras a una pared, no te hacen ni caso. Eso s√≠, cuando ya estas cansado de que te ninguneen y decides darte la baja te llaman para ofrecerte un 40% de descuento, ¬øsignifica esto que he estado pagando seis a√±os con un sobreprecio del 40%? Menudo timo."
2024-07-10T12:21:00.000Z,1,No pagan,"Atenci√≥n nefasta, en los seguros
Soy buen cliente y gracias a Dios, noche necesitado pagos del seguro
Pero por unos 60 euros de una conexi√≥n de un grifo
A la pared, No pagan!!
Est√°n con mutua madrile√±a que es otro infierno!!"
2024-07-04T12:05:26.000Z,1,Simplemente me siento estafado,"Simplemente me siento estafado. En los seguros que te venden de iPhone todo es mentira, desde la primera hasta la √∫ltima palabra. Jam√°s volver√© a sacar un seguro en SECI y por supuesto le contar√© mi caso a todo aquel que pretenda sacarse el seguro all√≠."
2024-07-02T19:22:37.000Z,1,NEFASTO,"Es la segunda vez que voy al Corte Inges de mi ciudad (Ja√©n) e intento contratar un seguro, la primera vez para una moto y me rechazaron por que hacia poco tiempo que tenia el carnet A, hoy voy de nuevo a preguntar por el seguro de un coche y me dicen que no me lo pueden hacer que soy muy joven para un coche de 260cv ""dice"" llevo 15 a√±os con carnet y ni una vez he llamado a la gr√∫a, esta compa√±√≠a solo quieren seguros a medida, cuando me compre un monopat√≠n ir√© a ver si ese veh√≠culo le cuadra m√°s."
2024-06-21T11:47:08.000Z,1,Me robaron mi equipo fotogr√°fico,"Si pudiera pon√≠a menos cinco estrellas. Envi√© mi equipo fotogr√°fico en Abril, me dijeron que a finales de Mayo estar√≠a. Estamos a finales de Junio y me indican que hasta mediados de Julio no estar√° arreglada. Les he pedido el n√∫mero de tel√©fono y la referencia del siniestro para llamar al servicio oficial de canon (que es donde supuestamente enviaron mi c√°mara) me indican que no pueden darme esa informaci√≥n. He llamado a Canon les he dado el n√∫mero de serie de mi equipo y me indican que ellos no tienen referencia de que me equipo est√© all√≠. Siento que han perdido mi equipo y cada vez que llamo al seguro me ponen en espera m√°s de veinte minutos y luego me cuelgan."
2024-06-19T23:37:44.000Z,2,No.me gusta,
2024-06-18T14:40:17.000Z,1,Hola,"Hola, no pongo menos estrellas porque no se puede, muy disgustada con sus servicios, despu√©s de 6 meses intentando darme de baja de sus seguros( como siempre muchas facilidades para contratar ninguna para dar de baja) consigo que me lo anulen y me dicen que en un mes me reembolsan el dienro, llevo 4 meses sin recibir nada y cada mail que mando me contestan que el pr√≥ximo mes y as√≠ sucesivamente. Una estafa en toda regla."
2024-06-05T15:41:09.000Z,1,Seguros varios,Mal√≠sima experiencia he tenido problemas de todo tipo eso si cada vez que llamas responden con algo diferente excus√°ndose solo saben poner incidencias pero arreglarte el problema no as√≠ que yo pensar√≠a contratar con ellos yo nunca m√°s
2024-06-03T10:39:23.000Z,1,Malas formas y gesti√≥n en el departamento de Seguros,"El a√±o pasado cambi√© de seguro del hogar. La nueva aseguradora envi√≥ un correo en tiempo y forma para proceder a la anulaci√≥n del anterior (Generali con el Corte Ingl√©s). Al ser maltratada por la gente de El Corte Ingl√©s escrib√≠ directamente a Generali y recib√≠ una carta diciendo que anulaban la p√≥liza en la fecha inicialmente solicitada.
Pues este a√±o me han vuelto a cobrar. Y en El Corte Ingl√©s se desentienden y te dicen que mientes (aun remiti√©ndoles toda la documentaci√≥n. Lamentable su departamento de Seguros."
2024-05-23T11:46:37.000Z,1,SERVICIO NEFASTO,"SERVICIO NEFASTO
Intenta venderte el seguro por los ojos y luego se desentienden. Tienes que hablar con la aseguradora (que llamar y te cojan el tel√©fono es como jugar a la loter√≠a y te toque) Luego no se aclaran y te marean porque no saben si es la aseguradora o la garant√≠a quien tiene que hacerse cargo y cuando por fin, (despu√©s de tropecientas llamadas) consigues que se hagan cargo viene la segunda parte: La recogida del terminal. Dijeron que pasaban a recogerlo un martes y estamos a jueves y a√∫n no lo han recogido. Estoy desde el mi√©rcoles para que me aseguren cuando vienen a recogerlo y no hay forma de que conf√≠rmen. Dicen que eso depende de la empresa de transporte. Me quiere decir que no son capaces de coordinar una recogida con la empresa con la que trabaja habitualmente????

Soluci√≥n del Corte Ingl√©s: Siga esperando

El Corte Ingl√©s NO es lo que era, va en decadencia. Bravo por ellos!"
2024-05-14T16:52:46.000Z,1,Un verdadero robo,"Un verdadero robo. Hace unos dos a√±os compr√© un m√≥vil y se me ofreci√≥ un seguro de 34 ,63 euros m√°s o menos. Lo que no me dijeron y acabo de darme cuenta por casualidad, es que este importe era cada tres meses!! O sea m√°s o menos 125 euros al a√±o!!! por tres a√±os. Casi me puedo comprar otro tel√©fono. Me queda un poco m√°s de un a√±o y lo voy a cancelar pta no pagar m√°s. Pero porqu√© no dar la cantidad exacta del seguro al a√±o, en vez de ocultarlo, es un robo. Ir√© a comprobarlo con la asociaci√≥n de consumidores, incluso si no se puede hacer nada. No confiar en la gente que atiende en seguros del Corte Ingl√©s, enga√±an!"
2024-05-09T10:26:52.000Z,1,Cafetera seperautom√°tica.,"Compr√© una cafetera s√∫per autom√°tica Delonghi en El Corte Ingl√©s. Contrat√© una ampliaci√≥n de seguro y ha resultado ser una estafa.
La cafetera Delonghi Magn√≠fica (menuda m‚Ä¶..). Al a√±o y medio perd√≠a agua por la base. La llev√© al Servicio t√©cnico y la reparaci√≥n dur√≥ 7 meses.
Volvi√≥ de nuevo la aver√≠a con la p√©rdida de agua y como ya no est√° en garant√≠a llam√© al seguro contratado con El Corte Ingl√©s (Allianz para m√°s detalles).
Un mes sin cafetera, la recojo el jueves pasado (02.05.24) y el s√°bado (04.05.24) comienza a salirse de nuevo el agua por la parte inferior.
Ayer se la volvieron a llevar a M√°laga, yo resido en Barcelona, y me dicen que igual otro mes sin cafetera.
Me pongo en contacto con el departamento de seguros del Corte Ingl√©s y me dicen que ellos ya no tienen nada que ver. Que llame a Allianz.
Pero si fueron ellos los que me recomendaron su seguro y la empresa es Alluanz.
Unos impresentables.
Ayer compr√© otra cafetera en El Corte Ingl√©s que estaba en oferta porque me hago a la idea de que la Delonghi ni me la van a arreglar correctamente, ni me van a indemnizar. Me la devolver√°n dentro de no se sabe cuando y volver√° a estropearse y as√≠ hasta que me aburra. Por supuesto que no compr√© una Delonghi.
Le expliqu√© al comercial lo que me hab√≠a pasado con la Delonghi y con el seguro de su empresa. Me dijo, como no, que era rar√≠simo y la primera vez que o√≠a algo semejante.
Me decido a comprar mi nueva cafetera (m√°s cara y espero de mejor calidad) y me dice que como es mejor me recomienda que haga un seguro que me costar√≠a unos 25‚Ç¨. (Yo flipaba). Que el seguro que contrat√© en su d√≠a con la Delonghi (diciembre de 2021) ya estaba obsoleto y ahora funcionaban mejor.
Me llevan a la zona de sus seguros, me atiende un joven y de entrada me dice que el seguro cuesta 60‚Ç¨. Le digo que me hab√≠an comentado que el precio era 25‚Ç¨ y me dice que ser√≠a un error del comercial.
Le explico que no estoy seguro de contratarlo debido a mi anterior experiencia. Tambi√©n me dice q es muy raro lo que me ha pasado y que normalmente cuando pasa algo as√≠ te indemnizan o te dan cafetera nueva. Le digo que porqu√© a m√≠ no me han dado ninguna de las opciones y me dice que hable con Allianz.
Le comento que quien deber√≠a hablar con Allianz son ellos porque son los que ofrecen el seguro y yo ya hab√≠a llamado para reclamar una soluci√≥n. Respuesta: silencio.
Le digo tambi√©n que en el supuesto de que se estropee mi nueva cafetera, seg√∫n sus argumentos, tambi√©n ser Allianz quien decidir√≠a si me indemnizaban o me repon√≠an la cafetera. Respuesta: silencio.
Total, ni seguro, ni gaitas.
Apesta a estafa."
2024-05-09T10:16:30.000Z,1,"VERGONZOSO, TE COBRAN UN SEGURO ANULADO Y TE DAN LARGAS Y LARGAS PARA NO DEVOLVERLO","VERGONZOSO. Me cobraron en enero a trav√©s de la tarjeta de compra una cuota de un seguro que ya hab√≠a anulado y 5 meses despu√©s sigo esperando que me lo devuelvan aun habiendoles devuelto el importe la compa√±√≠a Pelayo. Llevo m√°s de 10 llamadas y la respuesta es que lo lleva la se√±orita Maria de los √Ångeles y que en breve me lo devolver√°n, es decir SE EST√ÅN QUEDANDO CON MI DINERO. Cuidado con ellos y mucha suerte con que no os toque la se√±orita Maria de los √Ångeles que nunca hace nada y nunca est√°, igual es que no existe o forma parte de la trama."
2024-05-06T16:57:33.000Z,1,Los m√°s usureros y malos que pueden‚Ä¶,"Los m√°s usureros y malos que pueden existir... os timan con todo, las cuotas, las fechas todo... a robar a vuestra P. madre"
2024-05-06T11:50:51.000Z,1,Generali seguros el corte ingl√©s nefasto,"Generali seguros el corte ingl√©s, incendio cocina viernes 03/05/2024 14.00h.
Lunes 06/05/2024 12.00h sin noticias de perito. Todos los d√≠as comiendo en la calle. Detalles a tener en cuenta para sacar este seguro. Esa es la urgencia en este seguro"
2024-05-02T23:03:15.000Z,1,Cuidado con los seguros de electrodom√©sticos,Hice un seguro para el port√°til que me cubr√≠a dos a√±os. Pasados esos dos a√±os me lo han renovado autom√°ticamente. Cuidado con estos seguros. El Corte Ingl√©s ya no es lo que era. No vuelvo a contratar un seguro con ellos ni tampoco comprar√© ning√∫n electrodom√©stico m√°s.
2024-05-02T09:20:48.000Z,1,Mala gesti√≥n.‚Ä¶,"Mutua madrile√±a tuve un siniestro me tasaron el cristal del mueble del ba√±o que estaba en superficie, me lo abonaron pero tuve que llamar yo a un fontanero para que quitara el lavabo , pusiera el cristal y abonarlo yo , porque me dec√≠an que no cubr√≠a fontanero surrealista nunca m√°s."
2024-04-30T18:46:53.000Z,1,Es lamentable el seguro corteingles,"Es lamentable el seguro corteingles. Hoy por pura ignorancia de mi parte, me he dado cuenta que estoy pagando un seguro de accidentes lo cual no he contratado,y no tengo nada qu√© comprob√© la existencia de lo mismo, porfin me has dado cuenta al mirar con m√°s detalle el pago de la factura de la tarjeta el corte ingl√©s. Hay mirar todo con lupa."
2024-04-30T17:01:22.000Z,1,Contrataci√≥n un seguros sin mi autorizaci√≥n,"En Seguros de El Corte Ingl√©s De Goya. Me hicieron creer que estaba firmando un documento como beneficiaria de una p√≥liza de seguro de accidente antigua de mi marido y SIN MI AUTORIZACI√ìN, contrataron una nueva p√≥liza de otro seguro a parte que adem√°s COBRARON A LA TRAJETA DE MI PADRE , que no estaba presente ese d√≠a ni era consciente de dicha operaci√≥n , como ninguno de nosotros ."
2024-05-07T11:31:43.000Z,1,Mal funcionamiento del seguro,"Mi experiencia con el seguro del Corte Ingl√©s Allianz ha sido profundamente decepcionante. El 14 de marzo, mi cafetera sufri√≥ un accidente y fue recogida por el seguro. Sin embargo, ni la aseguradora ni El Corte Ingl√©s se preocuparon por mantenerme informado sobre el progreso de la reparaci√≥n. Despu√©s de esperar ansiosamente durante 20 d√≠as, finalmente me devolvieron la cafetera, pero para mi sorpresa, segu√≠a funcionando mal. El 16 de abril, tras llevarse nuevamente la cafetera, tuve que tomar la iniciativa de llamar para averiguar qu√© estaba pasando con mi cafetera. Me informaron que la v√°lvula estaba rota, lo que causaba problemas con la salida de agua. Esta falta de comunicaci√≥n y la incapacidad para resolver adecuadamente el problema convierten a este seguro en una completa estafa. Durante este tiempo, me vi obligado a gastar dinero en caf√© fuera de casa, y la incertidumbre sobre si la segunda reparaci√≥n ser√≠a exitosa a√±adi√≥ a√∫n m√°s estr√©s a mi vida diaria. No puedo recomendar este seguro a nadie que valore un servicio al cliente confiable y una soluci√≥n efectiva a sus problemas."
2024-04-18T23:34:39.000Z,1,Me hicieron un seguro de coche con la‚Ä¶,"Me hicieron un seguro de coche con la maldita Mtua madrile√±a y no se aqu√≠ en llamar m√°s Sinverguenzas si al corte ingles iba la mutua porque son los dos iguales, El Corte Ingl√©s una vez que has firmado no quieren saber nada y la mutua madrile√±a una pandilla de golfos que vente a la mutua NO VETE debla mutua su escribiera un libro con todo lo que me ha pasado me dar√≠an un best seller. Ni se os ocurra ni con El Corte Ingl√©s ni con la mutua madrile√±a"
2024-04-30T08:04:38.000Z,2,Seguro autorenovado sin preaviso,"Como describen otros te ofrecen seguros para m√≥viles sin avisarte de que te lo van a autorenovar o diciendote directamente que no se autorenovar√°. Cuando te das cuenta llevas pagados varios recibos

Est√° en las condiciones particulares del contrato como renovaci√≥n t√°cita."
2024-04-12T09:23:57.000Z,1,me cobran seguro de deceso que yo no he contratado,"contrato un seguro de coche, y de repente veo que me han contratado un seguro de decesos que ni siquiera he firmado y que ya me han cobrado. ahora estoy llamando para protestar y no me cogen el tel√©fono. llamo a otro y me dicen que tengo que ir a la oficina a dar de baja el seguro, perdona? tengo que dejar de trabajar para dar de baja un seguro que ni siquiera he contratado, ni firmado? lamentable"
2024-04-08T09:53:04.000Z,1,El peor seguro que he contratado‚Ä¶ no te‚Ä¶,El peor seguro que he contratado‚Ä¶ no te cogen el tel√©fono llevo m√°s de 5 meses sin respuesta pero siguen cobrando del banco‚Ä¶ no lo recomiendo deja mucho que desear.
2024-04-06T15:14:18.000Z,1,En noviembre del 2023 compr√© un‚Ä¶,"En noviembre del 2023 compr√© un lavavajillas y acept√© un seguro para 4 a√±os para dicho electrodom√©stico. El corredor del seguro ,que omitir√© su nombre, me hizo una previsi√≥n del Seguro de hogar con la Mutua madrile√±a a pesar de que faltaba casi medio a√±o para la suspensi√≥n de mi seguro anterior.Me dio su tarjeta y escribi√≥ que en marzo hablar√≠amos.
A partir de ah√≠,no me cog√≠a el tel√©fono y no contestaba mis mails por lo que entend√≠ que al no dar mi conformidad ni mi baja en mi seguro quedaba CLARO que no me interesaba.
Muy sorpresa ...me cobran el SEGURO los de la MUTUA, sin haber firmado nada y sin autorizar NADA.
He devuelto recibo, he hablado con vendedores de seguros del Corte y aunque pretend√≠an camuflarlo, he enviado para que sepan las irregularidades y me han CONFIRMADO con la hoja de desistimiento de un Seguro que nunca contrat√©.
Nunca m√°s, Sekula ez"
2024-04-04T20:58:44.000Z,1,Seguro con renovaci√≥n autom√°tica vendido con enga√±os,"Hace dos a√±os compr√© un port√°til y estuve preguntando sobre el seguro en El Corte Ingl√©s del Bercial. Me dijeron que era un seguro de 5 a√±os, los dos primeros obligatorios y los pagabas en el momento y los tres √∫ltimos pod√≠as cancelarlos. Le dije a la chica que no me interesaba porque se me iba olvidar cancelarlo a los dos a√±os y me convenci√≥ dici√©ndome que ellos un mes antes de la renovaci√≥n me mandaban un aviso y entonces yo ya dec√≠a si lo renovaba o no. Y por supuesto, no me han mandado ning√∫n aviso un mes antes, vamos que ca√≠ en su enga√±o (por mi culpa por no leerme el contrato bien). He pagado este a√±o y me he ido a el Bercial para anularlo en persona para los pr√≥ximos a√±os. Me han cobrado 40‚Ç¨ que no me van a devolver, pero lo que han perdido es a una posible futura compradora. No pienso coger ning√∫n seguro m√°s con ellos. Qu√© manera m√°s tonta de perder clientes"
2024-04-02T17:17:25.000Z,1,El seguro de El Corte Ingl√©s es una estafa,"El seguro de El Corte Ingl√©s es una verdadera estafa. Lo contratamos como siempre en nuestro viaje y ante un incidente ajeno a nuestra responsabilidad, nos dejaron tirados en un aeropuerto extranjero. No recomiendo contratarlo, como tampoco con la agencia de viajes de el corte ingles"
2024-03-26T19:18:38.000Z,1,Hoy compr√© un frigor√≠fico y una TV,Hoy compr√© un frigor√≠fico y una TV. Y dicen que te hacen 3 meses gratuitos por accidentes que no cubren la garant√≠a. Pues bien hab√≠a all√≠ dos personas que te tratan con una falta de educaci√≥n y de malas maneras. Diciendo que se pod√≠a ampliar pagando una cantidad de dinero elevada ese seguro. Pues bien les di mis datos para que hicieran lo de los 3 meses gratuitos. Te tienen que mandar una p√≥liza por correo. Y no la mandan. No se puede esperar otra cosa de estos seguros. Malas maneras siempre que se tiene un problema. Para m√≠ el peor seguro del mundo. Y encima tienen las p√≥lizas caras. Y cuidado con lo que ponen en las p√≥lizas.
2024-04-12T15:42:32.000Z,1,"Peligro con las llamadas con la seccion de bajas, son capciosas y enga√±osas.","Estoy peleando para conseguir me den de baja de un seguro de accidentes. Presente la baja firmada y cu√±ada por el Centro Seguros en mayo del 2023, el vencimiento de la p√≥liza el 15 de enero de 2024. La se√±orita de bajas me llamo para decirme que no se admite la baja, que la tengo que notificar en noviembre o diciembre. Como no estoy encima, ya me han cobrado la renovaci√≥n de enero. Por estar hecho con la tarjeta El Corte Ingles, no puedo devolverlo. He cambiado el pago a otra cuenta para poder escaparme de esta gente.

!Con fecha 10 de abril de 2024, he recibido por parte de la financiera El Corte Ingles, notificaci√≥n de que me han dado de baja del seguro y en mayo procederan a reintegrarme el recibo cobrado.¬°"
2024-03-13T09:10:57.000Z,1,NO RECOMENDADO,"Fui all√≠ recomendada y ahora soy yo quien NO lo recomiendo. He tenido muy mala experiencia con un seguro m√©dico. Me prometieron un descuento del 15% el primer a√±o, 10% el segundo y 5% el tercero. Subiendo la cuota anual unos 3‚Ç¨ por a√±o. La realidad ha sido bien distinta; me han subido 10‚Ç¨ al pasar el primer a√±o. Les llamo para reclamar y me responden con mentiras; que si he cambiado de tramo de edad (que no es verdad), que si he usado mucho el servicio y me suben m√°s por ello, etc... todo MENTIRA!!! Se lavan las manos diciendo que es cosa de Adeslas y les reclame a ellos!!! El seguro de hogar que contrat√© con ellos, lo cambiar√© cuando venza el primer a√±o, vaya a ser que hagan lo mismo. Nunca m√°s contratar√© un seguro con el Corte Ingles. Una verg√ºenza y deshonra para la marca el servicio que dan en la sucursal de Sabadell."
2024-03-12T12:51:49.000Z,1,Nefasto,"Muy mal.
Tengo con ellos 3 seguros y pir supuesto los sacare.
Me robaron las ruedas de la bici en el garaje, la bici no porque est√°ba candada.
Llamamos al seguro del corte ingl√©s ,como mediadores con la compa√±√≠a ocaso me dijeron que si me lo cubr√≠a.
Como me extra√±o se llamo una segunda vez con la misma respuesta.Tenia que poner una denuncia en la polic√≠a.
As√≠ lo hice, 2 horas all√≠ para poner la denuncia .
Lo entrego en la oficina de seguros del corte ingl√©s de Vigo y me dicen que no lo cubre.
A tomar el pelo a los clientes andan.
Muy mal"
2024-02-29T15:49:54.000Z,1,Vergonzoso es un timo‚Ä¶,"Tengo contratado superseguro electrodom√©sticos corte ingles compre una tv Samsung hace 2 a√±os y de un d√≠a para otro ha dejado de funcionar he llamado y aparte que cuesta que cojan el tel√©fono cuando lo hacen no te solucionan nada.
Por favor no contraten ning√∫n seguro con el corte ingles hay que propagarlo."
2024-02-22T12:23:12.000Z,1,Contrate con ellos un seguro de hogar‚Ä¶,"Contrate con ellos un seguro de hogar que me vendieron como una cosa extraordinaria, tengo un problema de aguas y es una pesadilla el trato que te da la mutua madrile√±a, llevo dias llamando a diario y aun no me ha llamado ni un fontanero para concretar una visita.
Acabo de hablar con una chica de atenci√≥n al cliente, exactamente no se si del corte ingles o de la mutua (no se ha querido identificar) y la educaci√≥n ha brillado por su ausencia.
En cuanto me cumple me llevo del corte ingles tanto el seguro del coche como el de hogar.
Nunca mas...."
2024-02-21T20:31:05.000Z,1,Son unos aguilillas,"Son unos aguilillas. Prometen unas condiciones para contratar que luego no cumplen.
Estoy muy decepcionada.
En cuanto mis seguros de coche y moto venzan, no volver√© a renovar.

Mucho nombre, mucho Corteingl√©s, y al final.......... menuda decepci√≥n."
2024-02-13T16:59:30.000Z,1,Unos mentirosos ladrones coloque un‚Ä¶,Unos mentirosos ladrones coloque un seguro a la Nintendo ahora dice que los mandos no est√°n incluidos solo la pantalla si todo viene en la misma caja son unos hijos de p....
2024-02-12T13:18:48.000Z,1,Hemos tenido una mala experiencia con‚Ä¶,"Hemos tenido una mala experiencia con el corte ingl√©s seguros, una aver√≠a por salida de agua en el ba√±o y a los dos meses me dicen que es un defecto de construcci√≥n y que no me arreglan nada, un ba√±o que hace siete a√±os que reform√© y no se hab√≠a mojado nunca, pone en la excusa que es mala construcci√≥n y no arreglan nada, solo vino un fontanero que puso esa excusa, nosotros hemos pedido que venga un perito a ver el ba√±o y dicen que no tienen perito, la compa√±√≠a de seguros es mutua madrile√±a contratada a trav√©s del corte ingl√©s seguros, malos socios se han buscado el corte ingl√©s, dime con qui√©n te juntas y te dir√© qui√©n eres"
2024-02-06T21:18:15.000Z,1,Dificultades para dar de baja un seguro de accidentes contratado con ECI,"El seguro de accidentes que contrat√© en el a√±o 2015 para mi hijo (entonces menor, de 16 a√±os) y para m√≠ ha sido una odisea conseguir que El Corte Ingl√©s Seguros lo d√© de baja. Tardan meses en hacerlo y aprovechan para cargar alg√∫n otro recibo mientras llega el esperado momento de la baja. El pasado julio se dio por fin de baja, a pesar de haberla solicitado bastantes meses antes. Hubo, adem√°s, que grabar una conversaci√≥n solicitando la baja, y despu√©s de muchas llamadas y consultas infructuosas, √©sta se hizo efectiva. Sorprendentemente, en enero 2024, acabo de recibir el cargo del seguro de accidentes de mi hijo. ¬°¬°¬°No dieron de baja los dos!!!
Y ahora piden m√°s datos personales a mi hijo, que ahora tiene 25 a√±os, y otra grabaci√≥n solicitando la baja con el argumento de que es mayor de edad y la dichosa protecci√≥n de datos.
Siento que ECI comete un abuso, porque deber√≠a informar de forma adecuada del procedimiento de la baja y no seguir cargando los casi 68‚Ç¨ de esta manera tan poco ortodoxa."
2024-02-05T19:08:12.000Z,1,TIMADORES,"lo mismo que es resto de comentarios...deber√≥a haber una opci√≥n que fuera NINGUNA. Como buitres cuando compras un electrodom√©stico para que contrates un seguro, todo son ventajas te cubre 3 a√±os (de los que 2 √±os ya los tiene la garant√≠a al ser nuevo) pero ellos te ofrecen m√°s que lo que incluye la garant√≠a y luego cuando los llamas por un problema te dicen que te tienes que acoger a la garant√≠a del producto porque eso ellos no lo incluyen, que ya apartir de que se acaba la garant√≠a.....entonces? SINVERGUENZAS"
2024-02-02T13:21:23.000Z,1,Tened cuidado! cuando contrat√°is alg√∫n producto‚Ä¶,"Tened cuidado cuando contrat√°is alg√∫n seguro con estos sin verg√ºenzas, ademas de la p√≥liza te ofrecen tarjetas de descuento que nunca llegan. Llevo mas de 3 meses esperando una tarjeta regalo que me ofrecieron al contratar el seguro de coche. Ni hablar del departamento de atenci√≥n al cliente, sois incompetentes no resuelven nada, solo est√°n para echar la culpa a otros departamentos y as√≠ se libran de responsabilidad."
2024-01-31T12:14:42.000Z,1,ES UNA ESTAFA,Han estado cobr√°ndome por un seguro del tel√©fono m√≥vil. Al darme cuenta he pedido la grabaci√≥n en donde supuestamente acepto los cargos. Llevo cuatro meses y medio y no la env√≠an. Son unos estafadores.
2024-01-30T12:12:57.000Z,1,No pongo un cero porque no hay opci√≥n,"No pongo un cero porque no hay opci√≥n, te dicen que te regalan un seguro de 3 meses para captar clientes con otras p√≥lizas, de las que luego no quieren saber nada ni el centro de seguros ni el de reclamaciones indefension total. Te lo cargan con la tarjeta en cuenta y no se hacen responsables de nada m√°s.He pagado un a√±o de p√≥liza de la vivienda sin tener conocimiento de tener ese seguro y ahora pretenden que pague otro a√±o m√°s porque ellos se lavan las manos El Corte Ingl√©s ha perdido la calidad que ten√≠a de atenci√≥n al cliente"
2024-01-12T16:20:20.000Z,1,"Seguros el corte ingles, incompetentes, vendedores poco profesionales.","Contrat√© un seguro de hogar sobre todo por la responsabilidad civil, es decir no quiero problemas con nadie, ya sea por rotura de tuber√≠as, goteras,fugas de lavadora etc. Hice especial incapie en eso!!! y el seguro que me ofrecieron en el
Corte ingles ten√≠a un buen precio y adem√°s me regalaban una tarjeta de el corte ingl√©s para comprar! 5 meses despu√©s me dicen que la vendedora se equivoc√≥ y no me corresponde tarjeta, que lo sienten!!!!, ayer subi√≥ la vecina de bajo a decirme que tiene una gotera de mi ba√±o, pues resulta que me pongo en contacto con el seguro, y solo tengo asegurados los muebles de mi casa!!!! Los muebles!!!!! Que son de segunda mano y tienen 40 a√±os!!!! Excluida toda responsabilidad civil!!! Ahora me pregunto si la persona que me vendi√≥ el seguro est√° capacitada para ello!!! Vamos, ni se me ocurre volver a contratar nada con ellos! Unos incompetentes!!! A√∫n me quedan 7 meses de seguro, y voy a tener que contratar otro que no me quite el sue√±o!!!üò°üò°üò°üò°"
2024-01-12T14:16:52.000Z,5,Garant√≠a y buen asesoramiento,Un Seguro a muy buen precio y las coberturas necesarias.
2024-01-03T19:49:08.000Z,1,seguros estafa ofrecen un seguro que dicen que‚Ä¶,"Te ofrecen un seguro que dicen que cubre todo y a la hora de un parte, no cubre nada y cualquier reclamaci√≥n es in√∫til"
2023-12-27T18:42:01.000Z,1,MALA ATENCI√ìN.,"Poca profesionalismo al vender un producto, hoy he comprado un port√°til de mil euros y la vendedora llamada Susana me ha dicho que aparte de los 3 a√±os de garant√≠a por da√±os de fabrica, tambi√©n la compra inclu√≠a 3 meses de seguro ""CONTRA TODO RIESGO"", aceptamos contentos, al dirigirnos a firmar el seguro con el dispositivo ya pagado en caja, nos sentamos en la oficina n√∫mero 2 con una se√±ora mayor, poco amable y poco entendible al hablar, nos coment√≥ que el seguro de 3 meses solo es para ""ROBO CON INTIMIDACI√ìN"" y que no cubr√≠a otro riesgo, nos quedamos confusos mi pareja y yo, y nos ofreci√≥ a continuaci√≥n un seguro de 35 euros al mes, lo que rechace indignado, y sigui√≥ insistiendo unas 3 veces m√°s... Insistiendo en que el equipo sale mil euros y que necesitaba este seguro.. me hicieron pasar un mal rato, y esto seguro le pasa a siento de personas al mes, una l√°stima."
2023-12-25T14:51:21.000Z,1,P√©rdida constante de calidad,"Compr√© un reloj para mi hija en Nuevo Centro y me ofrecieron un seguro que acept√©. Me dijeron que me enviar√≠an la informaci√≥n al correo y no me han enviado nada. No tengo constancia de lo que me han metido, ni tan siquiera en qu√© compa√±√≠a me han asegurado. El Corte Ingl√©s va perdiendo calidad en la atenci√≥n al cliente a pasos agigantados. No es ni la sombra de lo que fue en su d√≠a. Te cargan en cuenta compras y no tienes la forma de ver de qu√© son los cargos, solo lo que te van a cobrar. Una vez te han cobrado puedes ver los conceptos pero no antes, si te meten cargos indebidos te los comes y luego reclama, esto no sucede ni en carrefour."
2023-12-16T20:56:30.000Z,1,Pongo una estrella porque no hay opci√≥n‚Ä¶,"Pongo una estrella porque no hay opci√≥n de poner un 0. Contrat√© un seguro de viaje en el mes de Junio de 2023 porque me ofrecieron un vale de descuento de dicho seguro y me pareci√≥ que era una buena oferta. El vale para gastar en el Corte Ingl√©s deb√≠a de recibirlo cuando se hiciera efectivo el primer pago, pues bien han pasado ya seis meses y del vale NADA DE NADA, los empleados te meten un rollo diferente cada vez, muy buenas palabras pero efectividad CERO. No se me ocurrir√° hacer nunca m√°s ninguna clase de seguro con El Corte Ingl√©s, simplemente porque no cumplen con lo que ofrecen, y esto es algo tan sencillo como un vale de compra..!!! Vaya una tomadura de pelo por no decir una estafa."
2023-11-25T22:25:15.000Z,1,"Atenci√≥n humillante con muy malos modales, muy mala experiencia (corteingles maria cristina)","SITUACION SURREALISTA! TRATO DEGRADANTE DE LA EMPLEADA: He comprado un tel√©fono en el corte ingles y por lo visto inclu√≠a un seguro por robo de 3 meses de regalo. La mujer que me ha atendido para activar el seguro me ha dicho que si quer√≠a ampliar la cobertura a da√±os del tel√©fono a lo que le he contestado que no me interesaba. Aqu√≠ viene lo que me ha dejado indignado... Me ha vuelto a preguntar 2 veces que si estaba seguro del todo y que por qu√© no lo quer√≠a. Le he dicho que intento cuidar los tel√©fonos y que nunca he tenido ning√∫n percance ni espero tenerlo con este... A lo que me ha respondido con muy malos modales ""NO CREES QUE EL TEL√âFONO SE VAYA A ROMPER PERO S√ç ESPERAS QUE TE LO ROBEN NO?"". ALUCINANTE! Insinua delante m√≠o que contrato el seguro para falsear un robo cuando, adem√°s de ser un comentario m√°s que desafortunado, el seguro viene incluido por la compra.
Para colmo, al preguntar la duraci√≥n del seguro me dice ""3 MESES, QU√â TE PENSABAS, ES UN REGALO""... Trato totalmente denigrante al cliente por parte del corte ingl√©s. Espero que cambie pronto. NO LO RECOMIENDO A NADIE, por supuesto no volver√©."
2023-11-24T22:04:25.000Z,1,Ni se os ocurra contratar un seguro en Seguros el Corte Ingles,"Ni se os ocurra contratar un seguro en seguros el Corte ingl√©s, me prometieron que el.movil estaba asegurado a todo riesgo, pagando las cuoras mensualmente, me lo robaron y coo o me dieron una paliza no quisieron hacerse cargo. Me parece tan ofensivo..."
2023-10-20T10:04:47.000Z,1,"NUNCA, NUNCA, NUNCA","NUNCA, NUNCA, NUNCA, BAJO NING√öN CONCEPTO OS DEJ√âIS CAER EN MANOS DE ESTA GENTE. NI SON PROFESIONALES, NI SON COMPETITIVOS, NI GESTIONAN TUS INTERESES, NI NADA DE NADA. NEGOCIAD DIRECTAMENTE CON LAS COMPA√ë√çAS DE SEGUROS."
2023-10-11T12:20:29.000Z,1,Es una real estafa,Es una real basura. No te informan de nada y se tiran 2 meses arreglando una cosa que puedes repara en 1 hora en un servicio de reparaci√≥n.
2023-10-04T19:25:59.000Z,1,Hace ya cuatro meses que ped√≠ un‚Ä¶,"Hace ya cuatro meses que ped√≠ un duplicado de tarjeta por motivo de p√©rdida de la misma y a√∫n esper√°ndola.
He de utilizarla ma√±ana y lo √∫nico de que dispongo es de una foto que le saqu√© cuando la ten√≠a, a ver si cuela y me aceptan el tr√°mite en el hospital.
Atenci√≥n al cliente me tiene en espera hasta que me harto y cuelgo.
Cuando me han contestado al tel√©fono hemos verificado direcci√≥n y aparentemente est√° bien."
2023-10-02T16:15:01.000Z,1,A mi madre le llevan cobrando la p√≥liza‚Ä¶,"A mi madre le llevan cobrando la p√≥liza de hogar casi 400‚Ç¨ de m√°s , les llame y a√∫n sigo esperando que le modifiquen , sin contar que llamas y jam√°s atienden el tel√©fono una verg√ºenza."
2023-09-28T12:13:44.000Z,1,seguro el corte ingles nefasto,"seguro el corte ingles nefasto, una odisea para que te anulen la p√≥liza y cuando lo consigues, despu√©s de infinitas llamadas y correos electr√≥nicos, te cobran de nuevo el recibo ....."
2023-08-28T21:55:06.000Z,1,Seguro el corte ingles eneficases,Buenas tardes. Seguros el corte ingles. Sin respeto sin profecionalidad. Una mentira tras otra y sobre todo jugar con los sentimientos de una familia que perdi√≥ a un hermano. Parasitos.y esto va para todas las redes. Siciales.
2023-08-19T14:01:22.000Z,1,No se lo recomiendo a NADIE,"No se lo recomiendo a NADIE
Ni siquiera es el Corte ingl√©s, compa√±√≠as pateras que no atienden y te dan largas.
El Corte Ingl√©s aunque te invita a contrario no quiere saber nada m√°s.
Un mes y sigo esperando respuesta. HORRIBLE"
2023-06-15T12:25:24.000Z,1,SEGUROS EL CORTE INGLES Y PLUS ULTRA,"SEGUROS EL CORTE INGLES Y PLUS ULTRA, SOLO SABEN DAR LARGAS Y NO SOLUCIONAN NADA UN MES PARA QUE ME DEN EL DINERO Y NADA, EL TELEFONO DE PLUS UTRA NO SE PARA QUE LO QUIEREN , TE DEJAN EN ESPERA Y XDESPUES TE CUELGAN."
2023-06-09T12:35:02.000Z,5,Siempre contrato mis seguros a trav√©s‚Ä¶,"Siempre contrato mis seguros a trav√©s de El Corte Ingl√©s, es m√°s r√°pido y ante cualquier duda siempre me dan una soluci√≥n, muy contenta"
